参数错误,여기에 텍스트를 바꾸십시오
暂时禁止注册,여기에 텍스트를 바꾸십시오.
"系统升级中，请稍后使用","여기에 텍스트를 바꾸십시오."
请填写用户名,회원명을 입력해주십시오
请填写密码,비밀번호를 입력해주십시오
请填写确认密码,비밀번호를 다시 확인해주십시오
"用户名格式不正确，请填写邮箱","회원명이 일치하지않습니다, 인증된 이메일 주소를 다시 입력해주십시오"
"密码格式不正确，需要6-20个由a-zA-Z0-9_#@!*组成的字符串","비밀번호 양식이 적합하지 않습니다. 6~20자의 대,소문자,특수문자_ # @ ! *와 숫자를 포함하여 입력해주세요."
"密码格式不正确，需要8-20个由a-zA-Z0-9_#@!*组成的字符串","비밀번호 양식이 적합하지 않습니다. 8~20자의 대,소문자,특수문자_ # @ ! *와 숫자를 포함하여 입력해주세요."
"密码格式不正确，可能含有无法识别的符号，密码需要8-20个由a-zA-Z0-9_#@!*组成的字符串","비밀번호 양식이 적합하지 않습니다. 8~20자의 대,소문자,특수문자_ # @ ! *와 숫자를 포함하여 입력해주세요."
"密码格式不正确，可能含有无法识别的符号，密码需要6-20个由a-zA-Z0-9_#@!*组成的字符串","비밀번호 양식이 올바르지 않습니다.  _#@!* 특수문자와 영어 대,소문자를 포함하여 입력해주세요."
"您输入的密码太简单了，为了保障您的资金安全请更换复杂密码","비밀번호의 안정성이 높지 않습니다. 안전한 자산관리를 위해 비밀번호의 안정성을 높여주십시오."
"您输入的密码太简单了，至少需要一个大写字母、一个小写字母和一个数字","비밀번호의 안정성이 높지 않습니다. 대,소문자,숫자 등을 조합하여 설정하여주십시오."
确认密码不一致,비밀번호가 일치하지않습니다.
"您输入的用户名已经存在，请更换其他用户名","입력하신 회원명이 이미 존재합니다. 다른 이름을 입력하여주십시오."
注册失败,가입 실패	
注册成功,가입 성공
暂时禁止登录,로그인이 일시적으로 중단되었습니다.
您填写的用户名或密码错误,입력하신 회원명 혹은 비밀번호가 일치하지않습니다.
"您已被禁用，暂时不可以登录","계정이 사용 중단되었습니다. 로그인을 일시적으로 할 수 없습니다."
"您连续登录失败超过%s次，已经被禁止登录，请%s后重新登录","로그인을 %s 번 실패하였습니다,  %s 후 다시 로그인해주십시오."
"您连续输入验证码错误超过%s次，已经被禁止登录，请%s后重新登录","인증번호 입력을 %s 번 실패하였습니다, %s 후 다시 로그인해주십시오."
"小时","시간(s)"
"秒","초(s)"
"分","분(s)"
"您已被禁用，暂时不可以使用","계정이 사용 중단되었습니다. 어플을 일시적으로 사용 할 수 없습니다."
"您填写的用户名或密码错误，%s次后将冻结账号","입력하신 회원명 혹은 비밀번호가 일치하지않습니다,%s 번 실패 시, 계정이 정지됩니다."
"验证码输入错误，%s次后将冻结账号","입력하신 인증번호가 일치하지않습니다, %s 번 실패 시, 계정이 정지됩니다"
"验证码输入错误","인증번호가 일치하지않습니다"
币种不存在,해당 화폐는 현재 지원하지 않습니다.
请填写反馈内容,피드백할 내용을 작성해주세요.
提交成功,제출 완료
提交失败,제출 실패
APP不存在,APP가 존재하지않습니다.
写入成功,작성 완료
写入失败,작성 실패
用户名长度不可以超过100个字符,회원명은 100자를 초과할 수 없습니다.
邮箱验证,이메일 인증
"注册成功，系统已经向您的邮箱发送了验证邮件，请点击邮件中的链接完成邮箱绑定（如果没有收到验证邮件，可能在垃圾箱中，或者更换一个邮箱重新注册）","회원가입을 완료하였습니다. 인증된 이메일로 확인 메일을 보냈으니, 해당 링크를 클릭하여 확인해주십시오."
"您未验证邮箱，系统已经向您的邮箱发送了验证邮件，请点击邮件中的链接完成邮箱验证","가입 이메일을 확인하지않았습니다. 가입 메일의 링크를 클릭하여 이메일 확인을 완료하십시오(만약 이메일이 받은편지함에 존재하지않는다면, 스팸메일함도 확인해주십시오)."
系统提示,정보
"链接已过期，请重新获取新的链接","해당 링크는 만료되었습니다. 새로운 링크를 받으십시오."
验证邮箱成功,이메일 인증 성공	
验证邮箱失败,이메일 인증 실패
"您更换了设备，请验证短信","기기를 변경했습니다. 문자인증을 통해 로그인을 하십시오."
"您更换了设备，请输入邮件中的验证码","기기를 변경했습니다.이메일의 인증번호를 입력해주십시오."
"异地登录提醒，如果不是您的操作请通过邮件或者短信中的链接冻结账号","다른기기의 로그인을 확인하였습니다. 만약 사용자의 로그인이 아니라면, 이메일 링크 혹은 인증번호로 계정을 중지시킬 수 있습니다."
"异地登录提醒，如果不是您的操作请点击邮件中的链接冻结账号","다른기기의 로그인을 확인하였습니다. 만약 사용자의 로그인이 아니라면, 이메일 링크 혹은 인증번호로 계정을 중지시킬 수 있습니다."
异地登录提醒,다른기기 로그인 확인
"会员不存在，或已被禁用","회원이 존재하지않거나, 이미 중지되었습니다."
"不需要发送短信验证码","이미 인증번호를 전송하였습니다."
"请等待%s后再重新发送"," %s 후 다시 보내시길 바랍니다. "
您的账号未绑定手机,사용자의 계정은 휴대폰과 연결되어있지 않습니다.
"您的验证码：%s。如非本人操作，请尽快修改您的密码，以免造成财产损失。","인증번호는: %s 입니다. 만약 사용자가 본인이 아니라면, 즉시 비밀번호를 변경해주십시오."
"您找回密码的验证码：%s。如非本人操作，请尽快修改您的密码，以免造成财产损失。","비밀번호 재설정 인증번호는: %s 입니다. 만약 사용자 본인이 아니라면, 즉시 비밀번호를 변경해주십시오."
"您修改手机的验证码：%s。如非本人操作，请尽快修改您的密码，以免造成财产损失。","휴대폰 재설정 인증번호는: %s 입니다. 만약 사용자이 아니라면, 즉시 비밀번호를 변경해주십시오."
发送成功,발신 성공
发送失败,발신 실패
不需要发送邮件验证码,이메일 인증코드를 이미 전송하였습니다.
邮件验证码,이메일 인증코드
亲爱的用户：,회원 여러분들:
请点击链接完成邮箱验证,해당 링크를 클릭하여 이메일 인증을 완료하여주십시오.
"如果您的邮箱无法点击链接，请复制以下链接到浏览器中打开：","해당 링크가 열리지 않는다면, 링크를 복사하여 다른 브라우저를 통하여 시기바랍니다.:"
"您的账号在异地登录，如果不是您的操作，<a href=""%s"" style=""text-decoration:underline;"">请点击这里冻结账号</a>，24小时后自动解冻。","다른기기에서의 로그인이 확인되었습니다, 만약 사용자 본인이 아니라면, <a href=""%s"" style=""text-decoration:underline;"">해당 링크를 클릭하여 계정을 일시 중단시키십시오.</a>, 계좌는 24시간 후 다시 활성화됩니다."
"如果误操作您可以在输入账号密码后根据提示操作解冻。","만약 사용자 본인 잘못으로 계정이 일시 정지되었다면,비밀번호 입력 후 안내 메시지에 따라 계정 잠금을 해제합니다."
冻结账号成功,계정 일시중단
冻结账号失败,계정 일시중단 실패
请先登录,로그인을 해주십시오
token生成失败,화폐 생성 실패
请填写验证码,인증번호를 입력하여주십시오.
验证码不正确,인증번호가 일치하지않습니다
请填写当前登录密码,현재 비밀번호를 입력하여주십시오
请填写新登录密码,새 비밀번호를 입력하여주십시오
已经使用过的密码不可以使用,이전의 사용했던 비밀번호는 사용할 수 없습니다.
"您连续输入验证码错误超过%s次，已经禁止找回密码，请%s后重新操作","인증번호 입력을 %s 번 실패하였습니다, 비밀번호 찾기 기능이 일시 중단되었으니, %s 후 다시 시도하시길 바랍니다."
"您连续输入验证码错误超过%s次，已经禁止修改邮箱，请%s后重新操作","인증번호 입력을 %s 번 실패하였습니다, 이메일 재설정 기능이 일시 중단되었으니, %s 후 다시 시도하시길 바랍니다."
"您连续输入验证码错误超过%s次，已经禁止修改手机，请%s后重新操作","인증번호 입력을 %s 번 실패하였습니다, 휴대폰 재설정 기능이 일시 중단되었으니, %s 후 다시 시도하시길 바랍니다."
"您连续输入验证码错误超过%s次，已经禁止设置交易密码，请%s后重新操作","인증번호 입력을 %s 번 실패하였습니다, 거래번호 재설정 기능이 일시 중단되었으니, %s 후 다시 시도하시길 바랍니다."
"您连续输入验证码错误超过%s次，已经冻结账号，请%s后重新操作","인증번호 입력을 %s 번 실패하였습니다, 계정이 일시 정지되었으니, %s 후 다시 시도하시길 바랍니다."
"您连续输入交易密码错误超过%s次，已经冻结账号，请%s后重新操作","거래 비밀번호 입력을 %s 번 실패하였습니다, 계정이 일시 중단되었으니, %s 후 다시 시도하시길 바랍니다."
"验证码输入错误，%s次后将禁止操作","인증번호가 올바르지않습니다, %s 번 실패 후, 계정이 일시 정지됩니다."
修改登录密码成功,로그인 비밀번호가 변경되었습니다.
修改登录密码失败,로그인 비밀번호 변경이 실패되었습니다.
当前登录密码不正确,현재 비밀번호가 일치하지않습니다.
修改成功,재설정 성공
修改失败,재설정 실패
请输入旧邮箱的邮件验证码,이전 이메일 주소로 전송된 인증번호를 입력하여주십시오.
请输入新邮箱,새 이메일 주소를 입력하여주십시오.
请输入新邮箱的邮件验证码,새 이메일 주소로 전송된 인증번호를 입력하여주십시오.
旧邮箱的邮件验证码不正确,이전 이메일 주소로 전송된 인증번호가 일치하지않습니다
新邮箱的邮件验证码不正确,새 이메일 주소로 전송된 인증번호가 일치하지않습니다
邮箱长度不可以超过100个字符,이메일 주소는 100자를 초과할 수 없습니다.
"邮箱格式不正确，请填写邮箱","이메일 주소 형식이 올바르지않습니다, 다시 입력해주십시오"
"您填写的邮箱是当前正在使用的邮箱","입력하신 이메일 주소는 이전의 사용된 주소입니다."
"您输入的邮箱已经存在，请更换其他邮箱","해당 이메일 주소는 이미 사용되고있습니다, 다시 입력해주십시오"
请输入当前手机的验证码,현재 휴대폰으로 전송된 인증번호를 입력하여주십시오
请输入新手机号码,새 휴대폰번호를 입력하여주십시오
请输入新手机的验证码,새 휴대폰으로 전송된 인증번호를 입력하여주십시오
您填写的手机号码是当前正在使用的手机号码,입력하신 휴대폰 번호는 이전의 사용된 번호입니다.
旧手机验证码不正确,이전 휴대폰으로 전송된 인증번호가 일치하지않습니다
新手机验证码不正确,새 휴대폰으로 전송된 인증번호가 일치하지않습니다
"您输入的手机已经存在，请更换其他手机","해당 휴대폰번호는 이미 사용되고있습니다, 다시 입력해주십시오"
"您未绑定手机","휴대폰과 연동되어있지 않습니다."
您未设置交易密码,거래 비밀번호가 설정되지 않았습니다.
请填写新交易密码,새로운 거래 비밀번호를 입력하여주십시오
请填写邮件验证码,이메일 인증번호를 입력하여주십시오
请填写短信验证码,휴대폰 인증번호를 입력하여주십시오
设置交易密码成功,거래 비밀번호 설정
设置交易密码失败,거래 비밀번호 설정 실패
该地址不是一个有效的地址,해당 주소가 유효하지않습니다.
该地址是一个有效的地址,해당 주소는 유효합니다.
请输入地址标签,주소 메모를 입력하여주십시오.
"每人最多可以生成%s个收款地址","매 계정마다 %s 주소를 생성 할 수 있습니다."
生成地址失败,주소 생성 실패
生成地址成功,주소 생성 성공
地址标签重复,해당 주소 메모가 이미 존재합니다.
地址不存在,주소가 존재하지않습니다
修改地址成功,주소 수정 성공
修改地址失败,주소 수정 실패
移除地址成功,주소 삭제 성공
移除地址失败,주소 삭세 실패
请填写收款方地址,수취인 주소를 입력하여주십시오
请填写收款方地址标签,수취인 주소 메모를 입력하여주십시오
请填写转出金额,이체 금액을 입력하여주십시오
请填写交易密码,거래 비밀번호를 입력하여주십시오
交易密码不正确,거래 비밀번호가 일치하지않습니다
"交易密码不正确，%s次后将冻结账号","거래 비밀번호가 일치하지않습니다, %s 시도 후 실패시, 계정이 일시 정지됩니다. "
短信验证码不正确,휴대폰 인증번호가 일치하지않습니다
当前币种暂时不允许对外转账,현재 화폐는 일시적으로 대외 전송을 허용하지 않습니다.
当前币种暂时不允许生成新地址,현재 화폐는 일시적으로 새 주소를 생성할 수 없습니다.
您的账户已被禁止对外转账,사용자의 계좌의 대외 이체기능이 일시 중단되었습니다.
转账金额不能小于%s,계좌이체 금액은 %s 보다 적을 수 없습니다.
转账金额不能大于%s,계좌이체 금액은 %s 보다 클 수 없습니다
您一天内转账总金额已经达到最大额度,하루에 이체한 금액이 한도에 도달했습니다.
接收方地址不是一个有效的地址,수취인 주소가 올바르지 않습니다.
您的余额不足,잔액이 부족합니다.
转账失败,이체 실패
转账成功,이체 성공
"暂时没有可用的钱包服务器，请稍候操作","지갑 서버가 작동하지않습니다, 잠시 기다려주십시오"
请填写昵称,닉네임을 입력하여주십시오
请选择图片文件,프로필 사진을 선택해주십시오
保存成功,저장 성공
保存失败,저장 실패
您的登录已过期,로그인 시간이 만료되었습니다.
"您的账号在其他设备登录，请重新登录","다른기기에서의 로그인이 확인되었습니다. 다시 로그인해주십시오."
邮箱不可以修改,이메일을 수정할 수 없습니다.
"转账失败，接收方生成地址失败","전송이 실패되었습니다, 수신자의 주소 생성을 실패하였습니다."
验证地址失败,주소 인증 실패
"转账失败，主钱包余额不足","거래가 실패되었습니다, 메인 지갑의 잔액이 부족합니다."
"您的账号已被冻结，请%s后重新登录","사용자의 계좌가 일시 정지되었습니다, %s 후 다시 로그인해주십시오 "
新手机号码不能与旧手机号码相同,새 휴대폰 번호는 이전의 휴대폰 번호와 같을 수 없습니다.
"您的转账提交成功，请等待审核","계좌이체 요청이 제출되었습니다. 승인을 기다리십시오."
"您有一笔转入到账，金额%s","사용자의 계좌로 금액이 입금되었습니다. 금액은 %s 입니다."
您的转出已审核通过,계좌이체 요청이 승인되었습니다.
您的转出审核不通过,계좌이체 요청 승인이 거절되었습니다.
请选择锁仓记录,잠금 기록을 선택해주십시오
请填写锁定金额,잠금 금액을 입력하여주십시오
锁定金额不能小于%s,잠금 금액은 %s보다 적을 수 없습니다.
锁定金额不能大于%s,잠금 금액은 %s보다 클 수 없습니다.
锁仓币种不正确,잠긴 화폐가 일치하지않습니다
提交锁仓失败,잠금 요청 실패
提交锁仓成功,잠금 요청 성공
"您收到一笔锁仓收益，金额%s","잠금 수익을 받았습니다, 금액은 %s 입니다."
请输入朋友的邮箱,"친구의 이메일을 입력해주십시오"
不可以添加自己为好友,사용자 본인을 친구로 추가할 수 없습니다
格式不正确，请填写邮箱,"이메일 형식이 아닙니다, 다시 입력해주세요"
该用户不存在,해당 회원은 존재하지않습니다
"已发送请求，等待好友通过","이미 친구요청을 보냈습니다, 요청 수락을 기다려주십시오"
"您有一条好友请求，请注意查看","친구요청 메세지를 받았습니다, 확인해주십시오"
发送好友请求成功,친구요청 성공
发送好友请求失败,친구요청 실패
申请记录不存在,기록이 존재하지않습니다
该请求已处理,해당 요청이 처리중입니다.
操作成功,성공
操作失败,실패
添加成功,추가 성공
添加失败,추가 실패
好友记录不存在,친구 기록이 존재하지않습니다
删除成功,삭제 성공
删除失败,삭제 실패
短信验证码正确,휴대폰 인증번호 일치
"该用户和您已经是好友了，不可再次添加","이 회원은 이미 친구로 등록되어있습니다."
暂无,"잠시 미정"
昵称暂无,"닉네임 미정"
金额必须是整数,금액은 반드시 정수여야합니다.
锁仓,잠금
"新的好友：您的手机联系人 %s 正在使用Herperpay Wallet，立即添加好友，转账更安全、便捷。","새 친구: 휴대폰 연락처에 있는, %s 가 하이퍼페이 월렛을 이용하고있습니다. 이 친구를 등록하여 간편하고 편리한 거래를 이용하시길 바랍니다."
"该锁仓活动已结束，截止时间：%s","잠금활동이 끝났습니다, 종료 시간: %s"
"该锁仓活动未开始，起始时间：%s","잠금활동이 아직 시작되지 않았습니다, 시작 시간: %s"
"您已（或将）达到该币种锁仓限额( %s )，剩余额度：%s ，无法锁仓，请核对","사용자는 이미(혹은 앞으로) 해당 화폐 잠금 한도액 (%s) 에 도달했습니다, 잔액: %s, 잠금할 수 없으며, 확인하시길바랍니다"
"该币种已达到锁仓限额( %s )，剩余额度：%s ，无法锁仓，请核对","해당 화폐는 잠금 한도액 (%s) 에 도달했습니다, 잔액: %s, 잠금할 수 없으며, 확인하시길바랍니다"
"该币种已达到锁仓总额，无法锁仓","해당 화폐가 총 잠금액에 도달하여, 잠금할 수 없습니다."
"无法向自己转账", 본인으로 전송할 수 없습니다."
"【超级重磅福利】HPY存至钱包即可获得11种代币空投，北京时间3月26号中午12点快照，你们还在等什么？详情请关注微信公众号或官网News页。机不可失！失不再来！","[Mega Airdrop] 스냅샷 시간(2018년 3월 26일 오후 UTC+8 12시 [베이징]) 전에 HPY를 입금하면 11개의 화폐가 전송됩니다. 기회를 놓치지 마세요! 자세한 내용은 WeChat를 참조하거나 공식 웹 사이트(뉴스 섹션)를 참고하십시오."
"由于UBTC分叉升级原因，目前已暂停相关充提业务。升级完成后，会重新开启相关充提业务。","하드포크 업그레이드로 인하여, 현재 해당 입출금 서비스가 잠시 중단됩니다."
"您已被锁定，请联系管理员，谢谢","사용자의 계정이 일시 정지됩니다. 관리자를 연락하여주십시오, 감사합니다."
"禁止注册，系统检测您为恶意注册","등록할 수 없습니다, 이상 계정 등록이 시도되었습니다."
"系统检测您为恶意注册账户，禁止登录","이상 계정 등록이 시도되어, 로그인이 일시 정지됩니다."

"发送成功，邮件可能在垃圾箱中","전송을 성공하였습니다, 메일이 스팸메일함으로 전송될 수도 있으니, 확인하여주시길 바랍니다."
"注册成功，系统已经向您的邮箱发送了验证邮件，请点击邮件中的链接完成邮箱绑定（如果没有收到验证邮件，可能在垃圾箱中，或者更换一个邮箱重新注册，邮件可能在垃圾箱中）","가입에 성공하였습니다,  인증된 이메일로 확인 메일을 보냈으니, 해당 링크를 클릭하여 확인해주십시오. (메일이 스팸메일함으로 전송될 수도 있으니, 확인해주시길 바랍니다)"

"暂无该币种行情","화폐 시세가 존재하지않습니다."
"提醒：%s的%s最新成交价大于 %s %s","알림: %s 의 %s 가장 최근 거래액은 %s %s 보다 커야합니다."
"提醒：%s的%s最新成交价小于 %s %s","알림: %s 의 %s 가장 최근 거래액은 %s %s 보다 적어야합니다."
"提醒：%s的%s最新涨幅大于 %s %","알림: %s 의 %s 가장 최근 상승폭은 %s % 보다 커야합니다."
"因BCC钱包升级，目前正在同步至最新区块高度。aelf对此带来的不便深表歉意，服务将在同步后重新开放。谢谢理解","BCC 지갑의 업그레이드로 인하여, 최신 블록에 동기화 되고있습니다. 불편을 드려 죄송합니다. 감사합니다."

同意,동의
已同意,이미 동의함
抵押币种不存在,담보대출 화폐가 현재 존재하지않습니다.
借款币种不存在,대출 화폐가 현재 존재하지않습니다.
请填写金额,금액을 입력해주십시오
请选择借款天数,대출일 수를 입력해주십시오
请填写利率,이자율을 입력해주십시오
借款币种不支持,대출 화폐가 지원되지 않습니다.
借贷出资方不存在,채권자가 존재하지 않습니다.
借贷不存在,채권이 존재하지 않습니다.
请填写正确的金额,올바른 금액을 입력해주십시오
借款成功,대출 성공
借款失败,대출 실패
放贷方余额不足,채권자의 잔액이 부족합니다.
借款方不存在,채무자가 존재하지 않습니다.
放款失败,대부 실패
放款成功,대부 성공
请填写内容,내용을 입력해주십시오
放贷订单不存在,대출 주소가 존재하지않습니다.
该笔放贷订单已经不可以取消,대출 신청을 취소할 수 없습니다.
取消失败,취소 실패
取消成功,취소 성공
抵押币种不支持,담보대출 화폐를 지원하지 않습니다.
"汇率错误，请稍后再提交","환율 오류. 잠시후 다시 제출해주시길 바랍니다."
"当前已被锁定，不可以修改","이미 잠금되어, 수정할 수 없습니다."
"当前已经成交，不可以修改","이미 제출되어, 수정할 수 없습니다."
不可以贷款给自己,"본인에게 대출할 수 없습니다."
当前借款广告已经被其他用户锁定, The current loan advertisement have been locked by other users
当前借款广告已经成交,The current loan advertisement has been traded
订单不存在,신청 주소가 존재하지않습니다.
"订单状态不正确，可能订单已过期，请重新提交订单","신청 주소가 올바르지않습니다, 만료되었을 수도 있으니, 다시 제출해주시길 바랍니다."
"您的订单已过期，已经不可以放款","신청 주소가 만료되어, 대출할 수 없습니다."
"订单错误，请重新提交订单","신청 주소가 잘못되었습니다, 다시 제출해주시길 바랍니다."
借款订单不存在,대출신청 주소가 존재하지않습니다.
该笔借款订单已经不可以取消,해당 대출신청 주소를 취소할 수 없습니다.
不可以借自己发布的贷款,본인에게 대출할 수 없습니다.
当前放贷需求已经被其他用户锁定,Current loan demand has been locked by other users
当前放贷需求已经成交,Current lending demand has been traded
"该笔订单已过期，已经不可以放款","신청 주소가 만료되어, 대출할 수 없습니다."
订单错误,신청 오류
"您有一笔借款到账，金额%s","대출금이 입금되었습니다. 금액은 %s 입니다."
到期未还款,No repayment due
已过期,만료됨
已撤销,철회됨
等待放款,대부 대기중
借款中,대출중
已还款,상환됨
关闭,종료
锁定中,잠금중
开启,시작
已成交,거래종료
借贷放款人不存在,Loan lender does not exist
借款订单的状态不正确,대출 주소가 올바르지않습니다.
还款失败,상환 실패
还款成功,상환 성공
"您有一笔放款已经还款成功，金额%s","성공적으로 대출 상환을 완료하였습니다, 금액은 %s 입니다."


抵押币种汇率不存在,담보대출 화폐의 환율이 존재하지않습니다
汇率异常,환율이 올바르지않습니다.
借款币种汇率不存在,대출화폐의 환율이 존재하지않습니다.

code 错误,Code 오류
app 不存在,App이 존재하지않습니다
app 错误,App 오류
二维码已过期,QR code가 이미 만료되었습니다.
扫码失败,코드 스캔 실패
扫码成功,코드 스캔 성공
授权失败,인증 실패
授权成功,인증 성공

请选择要转移的货币和金额,전송할 화폐 및 금액을 선택하십시오.
交易所应用不存在,거래소 어플이 존재하지않습니다
交易所应用未绑定商家账号,거래소와 가맹점 계정이 연동되지 않았습니다.
交易所商家账号未开放转移资产功能,거래소 비지니스 계정이 자산 전송기능을 지원하지않습니다.
交易所商家未开启支付接口,거래소 가맹점에서의 결제 시스템이 아직 지원되지 않습니다.
商家自己不可以转移资产,본인 가맹점으로의 전송이 불가능합니다.
您还未绑定该交易所,거래소와 연동되지 않았습니다.
您没有可以转移的资产,자산을 전송할 수 없습니다.
"您的资产不足，无法转移","잔액이 부족하여, 전송 할 수 없습니다."
转移资产提交失败,자산 전송 신청 실패
"转移资产失败，失败原因：%s","자산 전송 실패, 이유: %s"
"转移资产失败，交易所没有响应请求","자산 전송 실패, 거래소가 요구에 응답하지 않습니다."
"转移资产申请提交成功，请等待审核","자산 전송 신청이 완료되었습니다, 승인을 기다려주십시오"
转移失败,자산 전송 실패
等待审核,승인 대기
转移失败,전송 실패
系统撤销,시스템 철회
用户撤销,사용자 취소
等待处理,처리 대기
已发送申请,이미 신청되었습니다.
交易所已响应请求,거래소가 요구에 응답하지 않습니다.
转移成功,전송 성공

刚刚更新,지금
5分钟前,5분 전
1小时前,1시간 전
1天前,1일 전
合约不存在,계약이 존재하지 않습니다.
用户未添加此币种,사용자가 이 화폐를 추가하지 않았습니다.
该币种暂时不允许站内转账,이 화폐는 하이퍼페이 월렛내에서 거래를 할 수 없습니다.

"通知：恭喜您获得两张《疯狂aelf，激情世界杯》竞猜门票！首战送福利，奖金不变，难度减半！第一轮竞猜机会将于25分钟后关闭，请尽快完成首战竞猜。","알림: 축하합니다! 2018 FIFA 예측 게임 2번의 무료 찬스를 획득하셨습니다! 1차 예측은 25분 안에 끝날 것입니다. 가능한 빨리 추측하여, 비트코인을 무료로 획득해보세요."
"通知：《疯狂aelf，激情世界杯》竞猜机会确认的快照时间将于1小时后（北京时间下午4点）进行，请尽快完成充币，锁定第一轮竞猜机会。","알림: 2018 FIFA 예측 프로모션이 오늘밤 진행됩니다. 예측 항목 할당은 1시간(16:00 UTC+8) 후에 시작됩니다. 할당하기 전, 화폐 보관이 준비되었는지 확인하십시오."
"恭喜您获得《疯狂aelf，激情世界杯》神秘大礼包，48场比赛，58个比特币，登录钱包查看详情。","축하합니다! 2018 FIFA 기프트팩을 받았습니다. 48번의 경기, 58개의 무료 비트코인! 자세한 내용은 하이퍼페이에 로그인하여 확인하여주십시오"

购买RAM提交失败,RAM 구입 제출 실패 
购买RAM提交成功,RAM 구입 제출 성공 
出售RAM提交失败,RAM 판매 제출 실패 
出售RAM提交成功,RAM 판매 제출 성공
金额不能小于%s,금액은 적어도 %s 보다 적어야합니다.
金额不能大于%s,금액은 적어도 %s 보다 커야합니다.

待交易,거래 대기
交易成功,거래 성공
交易失败,거래 실패

暂时未开启RAM购买功能,RAM 구입 기능이 잠시 지원되지 않습니다.
暂时未开启RAM出售功能,RAM 판매 기능이 잠시 지원되지 않습니다.

请输入短信验证码,휴대폰 인증번호를 입력해주십시오
请输入邮件中的验证码,이메일 인증번호를 입력해주십시오
该币种对应的地址和昵称已存在,화폐에 해당하는 주소 및 닉네임이 이미 존재합니다.

请填写邮箱,이메일을 입력해주십시오
请填写手机号码,휴대폰 번호를 입력해주십시오
请选择国家,국가를 선택해주십시오
邮箱格式不正确,이메일의 형식이 올바르지않습니다
手机号码格式不正确,휴대폰번호의 형식이 올바르지않습니다
"您输入的手机号码已经存在，请更换其他手机号码","입력하신 휴대폰 번호는 이미 존재합니다, 다른 번호를 입력해주십시오"
发送验证邮件成功,이메일 인증번호 전송 성공
发送验证邮件失败,이메일 인증번호 전송 실패
您的注册验证码：%s,사용자의 가입 인증번호는:%s 입니다
短信验证码已发送,휴대폰 인증번호가 이미 전송되었습니다.
发送短信验证码失败,휴대폰 인증번호 전송 실패
"你似乎还没通过邮箱验证，验证邮件有时会被邮箱误标为垃圾邮件，请注意查收。你还可以返回使⽤手机注册或重发验证邮件。","이메일이 인증되지 않았습니다. 인증 이메일이 스팸메일함으로 전송될 수도 있으니 유의하시길 바랍니다. 휴대폰인증으로 돌아가거나 인증이메일을 다시 보내실 수 있습니다."
绑定邮箱成功,이메일 연동 성공
绑定邮箱失败,이메일 연동 실패

锁仓已结束,잠금 활동이 종료되었습니다.
活动已结束,해당 이벤트는 종료되었습니다.

今天,오늘
%s天前,%s 일 전

格式不正确,형식이 올바르지않습니다

无法向该账户转账,이 계정으로 전송할 수 없습니다.

失败,실패
成功,성공적으로

理财产品不存在,해당 투자상품이 존재하지않습니다.
购买理财产品失败,투자상품 구입 실패
购买理财产品成功,투자상품 구입 성공
投资中,투자중
已到期,완료

币增宝收益,비트언 투자상품
锁仓收益,잠금 보상
理财产品,투자상품
PoS矿池,PoS 보상
空投,에어드롭
币增宝暂时不支持该币种,비트언이 해당 화폐를 지원하지않습니다
转入币增宝失败,비트언으로 전송 실패
转入币增宝成功,비트언으로 전송 성공
您的币增宝余额不足,비트언의 잔액이 부족합니다.
转出到余额失败,이체 실패
转出到余额成功,이체 성공
转入,입금
转出,출금
PoS暂时不支持该币种,PoS 가 잠시 해당화폐를 지원하지않습니다
转入PoS失败,이체 실패
转入PoS成功,이체 성공
您的PoS余额不足,사용자 PoS 잔액 부족

"抱歉，此功能暂不向您所在地区用户开放。","죄송합니다, 이 기능은 해당국가의 회원은 이용할 수 없습니다."
"输入的不是一个有效的账户","계정이 유효하지않습니다, 다시 시도해주십시오."

不可以填写此地址,주소를 입력할 수 없습니다.
%s无效,%s 무효
二维码无效,QR code가 유효하지않습니다
二维码已过期,QR code가 만료되었습니다
"生成交易失败，失败原因：%s","거래 생성에 실패하였습니다. 이유: %s"

转账最小精度为%s位,전송 최소 정밀도는 %s 입니다.

请先解绑您在该交易所的原绑定账户,"%s 계정을 사용자의 하이퍼페이와 연동해주십시오"

"PoS已关闭，暂时禁止转入","POS 채굴이 이미 종료되었습니다, 입금이 정지됩니다."


"所选共管钱包无法编辑","선택된 공동관리 지갑은 편집할 수 없습니다."
"操作错误，请稍后重试","작동 오류, 다시 시도해주십시오"
"所选共管钱包不存在，请重新选择钱包。","선택된 공동관리 지갑이 존재하지 않습니다, 다시 선택해주십시오"
"用户不可重复确认","회원을 중복확인 할 수 없습니다."
"对不起，该转账流程已结束","죄송합니다, 전송 과정이 이미 종료되었습니다."
"成功加入共享钱包","공동관리 지갑에 새 회원 추가 성공"
"邀请失败，请稍后重试","초대 실패, 다시 시도해주십시오"
该钱包已完成创建,해당 지갑이 이미 개설되었습니다.
该钱包已经被关闭,해당 지갑이 이미 폐쇄되었습니다.
该钱包创建超时,지갑 개설 시간이 초과되었습니다.
"成功加入共享钱包","공동관리 지갑에 새 회원 추가 성공"
"请下载aelf完成注册，即可加入钱包","공동관리 지갑 추가를 위해, 하이퍼페이를 다운로드하여 가입해주십시오"
份额比例分配不正确,할당액의 분배가 올바르지않습니다
已经是该钱包会员,이미 해당 지갑의 회원입니다.
"创建钱包失败，请稍后再试","지갑 개설의 실패하였습니다, 다시 시도해주십시오"
该钱包人数已满,해당 지갑의 수용 인원이 초과되었습니다.
"钱包正在创建中或已被删除,不可转账","지갑이 개설중 혹은 삭제되었습니다, 해당 지갑으로의 전송이 불가능합니다."
该邀请地址已经失效,초대 링크가 만료되었습니다.
"该份额分配成员已满,不可重复加入","입력하신 비중이 올바르지 않아 가입을 완료할 수 없습니다. 해당 계좌에 함께 가입하시는 다른 분과 쉐어 비중을 확인해주세요."

-------hpy------
该商户不支持转出操作,이 가맹점은 출금 서비스를 지원하지않습니다.
------ onchain-------
失败,실패	
成功,성공
处理中,처리중
参数错误,한도 오류
地址格式不正确,주소의 형식이 올바르지 않습니다.
请输入合法的币种名称进行搜索,정확한 화폐의 이름을 입력한 후 검색하세요.
"您有一笔交易已发送成功，金额：%s","거래를 성공적으로 전송하였습니다. 금액은 : %s 입니다."
"您有一笔收款到账，金额：%s","사용자의 계좌로 금액이 입금되었습니다. 금액은 %s 입니다."


--------open--------
"表单提交异常，请刷新页面后重新提交","제출하신 형식이 올바르지않습니다. 새로고침 하신 후, 다시 제출해주십시오."
Login code 无效,로그인 코드가 유효하지 않습니다.
Login code 已过期,로그인 코드가 만료되었습니다.
您未验证邮箱,이메일 인증이 안되었습니다.
"获取登录信息失败，请检查登录是否已过期","로그인 정보를 얻는데 실패하였습니다. 다시 한번 로그인을 확인해주세요."

登录,로그인
用户名,회원명
登录密码,비밀번호
授权%s使用, %s 계정 권한 
您的aelf账号：,하이퍼페이 계정:
%s将能够：,%s 가능합니다:
确认授权,확인
取消,취소
"通过授权%s网站使用，表示您同意并遵守%s的服务条款进行操作","%s의 권한으로 인하여,%s의 약관에 따라 진행할 것을 동의합니다.."
"获取您的基本信息，包括：昵称、头像和邮箱","닉네임, 프로필, 이메일을 포함한 사용자의 기본 정보를 획득합니다."

允许%s获取以上数据, %s 의 데이터를 획득을 승인합니다.
请勾选允许%s获取以上数据, %s 의 데이터 획득을 승인해주십시오.

%s不能为空,%s 비어둘 수 없습니다.
系统错误,시스템 오류
开发者不存在,개발자가 존재하지 않습니다.
%s错误或已过期,%s 오류 
用户不存在,사용자가 존재하지않습니다.
%s不存在,%s 존재하지않습니다.
%s不正确,%s 올바르지않습니다.
%s格式不正确,%s 형식이 올바르지 않습니다.
%s已过期,%s 만기되었습니다.
%s更新失败,%s 업데이트에 실패하였습니다.
%s长度不能超过255,%s 255자를 초과할 수 없습니다.
%s不允许,%s 허용되지않습니다.
扫码登录,스캔 후 로그인
登录,로그인
取消绑定失败,연동 해체 실패
取消绑定成功,연동 해제 성공
更新code状态失败,코드 업데이트
%s无效,%s 유효하지않습니다.
您的登录已过期,로그인이 만료되었습니다.
生成二维码失败,QR code 생성 실패
生成授权码失败,허가 코드 생성 실패
"生成openid失败，授权用户不存在","openid 생성에 실패했습니다, 권한자의 계정이 존재하지않습니다."
生成openid失败, openid 생성에 실패했습니다.
"生成access token失败，授权用户不存在","화폐 생성에 실패하였습니다. 권한자의 계정이 존재하지않습니다."
"生成access token失败","화폐를 생성하는데 실패하였습니다."

您的aelf账号,하이퍼페이 계정

加载中...,로딩...
"网络错误","네트워크의 연결이 불안정합니다"
"网络请求错误，请点击确定按钮刷新当前页面","네트워크의 연결이 불안정합니다. 다시 클릭하여 화면을 새로고침 해주십시오."

确定,확인

"待确认","보류중"
"划转成功","전송 완료"
"币增宝暂未开放该币种，敬请期待","Coming soon"
"暂未开启，敬请期待","Coming soon"
"已关闭，敬请期待","사용할 수 없습니다"
"您有一笔资金等待确认，金额%s","%s 금액이 회원님의 계좌로 전송되었습니다. 확인해주세요."
"您有一笔资金转出超时，金额%s","%s 금액 전송 시간을 초과하여 실패하였습니다."
"你的好友%s邀请你加入%s钱包","친구 %s 가 회원님을 $s 지갑으로 초대하였습니다."
"你参与的共管钱包%s创建超时","공유된 공동관리지갑: %s 개설 시간을 초과하였습니다. "
"你参与的共管钱包%s创建完成","공유된 공동관리지갑: %s 성공적으로 개설되었습니다."
"您有一笔资金转出失败，金额%s","%s 금액 이체에 실패하였습니다."
"您有一笔资金转出到账，金额%s","%s 금액이 성공적으로 이체되었습니다. "
"该转账不允许取消","회원간 동의된 송금은 취소될 수 없습니다."
"提醒成功","알림 전송"
"你不是该钱包成员，请切换账号重新登录","회원님은 해당 지갑의 구성원이 아닙니다. 다른 계정으로 로그인 해주십시오."

"只有发起人才可取消本次交易","발송인만 이 거래를 취소할 수 있습니다."
"您有待处理交易 请在交易完成后解绑","송금이 완료되지않았습니다, 거래소와 계정의 연동을 푼 후 다시 시도해주시기바랍니다."
"稳定币","안전 화폐"
"主链币","메인체인 화폐"
"基于%s主链的币"," %s 메인체인 기반"

"%s - %s共管模式","%s - %s 공동관리모드"
"%s发起了一笔%s转账请求，需在%s前确认，点击查看详情","%s 회원이 %s 금액을 회원님의 계좌로 전송하였습니다. %s 전에 확인하여주십시오."
"%s发起的%s转账请求已失败，原因：超时未确认，点击查看详情","%s 회원의 %s 금액 전송을 실패하였습니다. 이유: 유효기간 초과, 자세한 사항은 클릭하여주십시오."
"%s发起的%s转账请求已失败，原因：被拒绝，点击查看详情","%s 회원의 %s 금액 전송을 실패하였습니다. 이유: 전송 거절, 자세한 사항은 클릭하여주십시오."
"%s发起的%s转账请求已获得成员授权通过，点击查看详情","%s 회원의 %s 금액 전송이 기타 회원의 동의를 얻었습니다. 자세한 사항은 클릭하여주십시오."
"%s发起的%s转账请求已失败，点击查看详情","%s 회원의 %s 금액 전송을 실패하였습니다. 자세한 사항은 클릭하여주십시오."
"%s发起的%s转账已成功，点击查看详情","%s 회원의 %s 금액 전송을 성공하였습니다. 자세한 사항은 클릭하여주십시오."
"%s发起的%s转账请求已取消，点击查看详情","%s 회원의 %s 금액 전송이 취소되었습니다. 자세한 사항은 클릭하여주십시오."
"%s正在邀请你加入该钱包，需在%s前确认，点击查看详情","%s 께서 회원님을 공동관리지갑으로 초대하셨습니다. %s 전에 확인하여주십시오."
"共管钱包创建成功","공동관리지갑 생성에 성공하셨습니다."
"共管钱包创建失败，原因：超时未确认，点击查看详情","공동관리지갑 생성에 실패하셨습니다. 자세한 사항은 클릭하여주십시오.>>"
"%s 已经加入过该钱包","%s 께서는, 이미 공동관리지갑에 가입되셨습니다."
"你已经加入过该钱包","이미 공동관리지갑에 가입되셨습니다."
"一份份额只能分配一人","각 할당량은 각 한명씩 지정가능합니다."
"相同的币价预警仅能设置一条","동일 화폐 가격 알림은 한개만 설정할 수 있습니다."

"您的转入审核通过，金额%s","입금금액 %s 가 승인되지않아, 거래를 실패하였습니다."
"您的转入异常，审核未通过","입금금액 오류로, 승인되지않았습니다."
审核中,승인중

"单笔最低限额:%s","최소 교환 금액:%s"
"单笔最高限额:%s","최대 교환 금액:%s"
"每日最高限额:%s","일일 교환 한도:%s"
"每日最多兑换:%s次","일 %s 회 교환 가능합니다."
"兑换币种汇率变化，请重试","교환 환율이 변동되었습니다, 다시 시도해주시길 바랍니다."
"暂时无法兑换，请稍后重试","교환이 잠시 중단됩니다, 이후 다시 시도해주시길 바랍니다."
"暂时无法兑换该币种, 请稍后重试","교환이 잠시 중단됩니다, 이후 다시 시도해주시길 바랍니다."
"兑换币种不存在","교환 화폐가 존재하지 않습니다."
"兑换成功","거랫 성공"
"兑换失败","교환 실패"
"兑换中...","교환중"
"资金将稍后到账你的钱包","금액이 곧 사용자의 계좌로 입금될 예정입니다"
"您的兑换订单正在处理，请稍后查询进度","신청하신 교환요청이 처리중입니다. 잠시만 기다려주세요."
"%s 加入了该钱包，点击查看详情","%s 회원이 공동 관리 지갑에 가입하였습니다. 클릭 후 자세히 보기"

"%s同意了你的好友请求","%s 님이 회원님의 친구요청을 수락하였습니다."

"系统繁忙,请稍后重试","잠시후 다시 시도해주세요."
"%s交易所","%s 거래소"
"托管理财钱包","오프체인"
"自管钱包","온체인"
"划转至Coinw","CoinW 로 전송"
"您划转了%s%s至Coinw账户，已提交成功，请等待审核确认","회원님이 요청하신 CoinW 계좌로의 전송이 신청되었습니다. 금액은 %s%s 입니다. 승인을 기다려주세요. "
"您有一笔划转审核确认失败，金额%s%s，请联系客服处理","요청하신 CoinW 계좌로의 전송이 실패하였습니다. 자세한 정보를 위해 고객센터에 문의해주시길 바랍니다."
"市场汇率可能变动，请以实际到账的资产数量为准","시장 환율의 변동 가능성으로, 실제 입금된 자산 기준으로 계산됩니다."
"兑换汇率由第三方制定，由于兑换成本及市场波动，您兑换的汇率可能会高于市场汇率，请仔细确认后进行操作","환율은 변동 가능성이 있으므로, 시장 환율보다 다소 높을 수 있습니다. 자세히 확인하여주십시오."
"aelf对每笔兑换收取大约%s的手续费，这笔手续费已经包含在兑换汇率内","하이퍼페이는 매 거래시 %s 수수료를 부과하며, 수수료는 환율에 포함되어있습니다."

"您已（或将）达到该理财产品限额( %s )，剩余额度：%s ，无法购买，请核对","회원님은 이미 (또는) 해당 재테크 상품 한도액(%s) , 잔여한도: %s 로 구매 불가하오니, 확인해주시길 바랍니다. "
"该理财产品已达到限额( %s )，剩余额度：%s ，无法购买，请核对","이 재테크 상품은 이미 한도액(%s)에 도달했으며, 잔여한도액: %s, 구매 불가하오니, 확인해주세요."
"保险","상품"

"赎回中","상환중"
"已赎回","이미 "
"低于可购买最低限额:%s","최소 금액:%s"
"您已（或将）达到该理财产品最大份数( %s )，剩余份数：%s ，无法购买，请核对","회원님은 이미 (혹은 거의) 최대 수량(%s)에 도달하였습니다. 남은 수량: %s, 확인해주십시오. "
"优选理财项目","프리미엄 투자 계획"
"优选定投项目","자동 투자 계획ㅣ"